Objects	t0	t1	t2
O01	-1.14	0.38	0.75
O02	1.15	-0.68	-0.47
O03	0.0	0.0	0.0
O04	0.0	0.0	0.0
O05	-0.96	1.04	-0.08
O06	-0.84	1.11	-0.27
O07	0.0	0.0	0.0
O08	0.0	0.0	0.0
O09	-1.06	0.92	0.14
O10	-0.96	1.04	-0.08
O100	-0.58	-0.58	1.15
O1000	0.99	-1.01	0.02
O101	1.1	-0.85	-0.26
O102	-1.12	0.32	0.8
O103	-0.36	-0.77	1.13
O104	1.06	-0.93	-0.13
O105	1.07	-0.17	-0.9
O106	-0.58	-0.58	1.15
O107	-0.77	-0.35	1.13
O108	0.43	-1.14	0.72
O109	0.98	0.05	-1.02
O11	-1.15	0.58	0.58
O110	0.33	0.79	-1.12
O111	0.73	0.41	-1.14
O112	0.48	-1.15	0.67
O113	-0.58	-0.58	1.15
O114	1.15	-0.58	-0.58
O115	1.15	-0.58	-0.58
O116	-0.81	-0.31	1.12
O117	1.15	-0.58	-0.58
O118	-1.15	0.66	0.49
O119	0.94	0.11	-1.05
O12	-1.1	0.86	0.23
O120	1.15	-0.58	-0.58
O121	-0.65	-0.5	1.15
O122	1.15	-0.64	-0.51
O123	-1.15	0.63	0.52
O124	0.59	0.56	-1.15
O125	-1.03	0.06	0.97
O126	-1.15	0.46	0.69
O127	-1.09	0.88	0.21
O128	0.94	-1.05	0.12
O129	1.15	-0.58	-0.58
O13	-1.15	0.66	0.49
O130	1.15	-0.58	-0.58
O131	1.11	-0.27	-0.84
O132	0.64	0.51	-1.15
O133	-0.58	-0.58	1.15
O134	-1.13	0.37	0.76
O135	0.0	0.0	0.0
O136	0.0	0.0	0.0
O137	0.71	-1.14	0.44
O138	1.15	-0.58	-0.58
O139	0.17	-1.07	0.9
O14	0.0	0.0	0.0
O140	-1.1	0.24	0.86
O141	-0.58	-0.58	1.15
O142	1.15	-0.52	-0.63
O143	-0.58	-0.58	1.15
O144	-0.58	-0.58	1.15
O145	1.11	-0.83	-0.28
O146	1.15	-0.58	-0.58
O147	0.96	0.08	-1.04
O148	0.93	0.12	-1.06
O149	0.91	0.16	-1.07
O15	-1.13	0.37	0.76
O150	1.15	-0.58	-0.58
O151	1.08	-0.89	-0.18
O152	1.15	-0.51	-0.64
O153	1.15	-0.66	-0.49
O154	-0.58	1.15	-0.58
O155	1.09	-0.22	-0.87
O156	-1.15	0.6	0.55
O157	1.11	-0.29	-0.82
O158	1.15	-0.58	-0.58
O159	0.07	0.96	-1.03
O16	-1.05	0.12	0.94
O160	-1.05	0.95	0.1
O161	1.15	-0.58	-0.58
O162	0.0	0.0	0.0
O163	-1.15	0.7	0.44
O164	1.15	-0.68	-0.47
O165	-1.08	0.2	0.89
O166	1.08	-0.18	-0.9
O167	0.0	0.0	0.0
O168	1.13	-0.77	-0.36
O169	0.36	0.77	-1.13
O17	-1.09	0.23	0.87
O170	-0.58	1.15	-0.58
O171	0.0	0.0	0.0
O172	-1.07	0.91	0.15
O173	0.54	-1.15	0.61
O174	1.15	-0.55	-0.6
O175	0.9	0.18	-1.08
O176	1.15	-0.47	-0.68
O177	-0.58	1.15	-0.58
O178	1.06	-0.13	-0.93
O179	1.15	-0.47	-0.68
O18	-0.83	1.11	-0.27
O180	-1.15	0.63	0.52
O181	0.25	-1.1	0.85
O182	1.01	-0.02	-0.99
O183	0.0	0.0	0.0
O184	-1.1	0.85	0.25
O185	0.0	0.0	0.0
O186	-0.58	1.15	-0.58
O187	1.15	-0.64	-0.51
O188	-0.85	-0.25	1.1
O189	-1.11	0.27	0.84
O19	0.0	0.0	0.0
O190	0.0	0.0	0.0
O191	-0.07	-0.96	1.03
O192	0.75	-1.14	0.39
O193	1.14	-0.39	-0.75
O194	0.21	0.88	-1.09
O195	-1.11	0.26	0.84
O196	1.11	-0.29	-0.83
O197	-1.04	0.08	0.96
O198	-1.07	0.16	0.91
O199	-0.02	1.01	-0.99
O20	-0.49	1.15	-0.66
O200	-0.58	1.15	-0.58
O201	1.14	-0.4	-0.73
O202	-1.13	0.78	0.35
O203	0.0	0.0	0.0
O204	0.77	0.36	-1.13
O205	0.69	-1.15	0.46
O206	0.0	0.0	0.0
O207	-0.82	-0.3	1.12
O208	0.0	0.0	0.0
O209	1.12	-0.32	-0.8
O21	0.0	0.0	0.0
O210	1.04	-0.08	-0.96
O211	1.15	-0.58	-0.58
O212	1.08	-0.9	-0.18
O213	1.03	-0.96	-0.07
O214	-0.97	1.03	-0.05
O215	0.0	0.0	0.0
O216	-1.12	0.31	0.81
O217	-0.58	1.15	-0.58
O218	-1.15	0.45	0.69
O219	-0.19	-0.89	1.08
O22	-0.7	1.15	-0.45
O220	1.11	-0.29	-0.82
O221	0.0	0.0	0.0
O222	0.91	0.17	-1.07
O223	1.08	-0.2	-0.89
O224	1.15	-0.58	-0.58
O225	-1.07	0.16	0.91
O226	-1.15	0.54	0.61
O227	0.33	0.79	-1.12
O228	-1.15	0.59	0.56
O229	0.51	-1.15	0.64
O23	-0.64	1.15	-0.51
O230	0.58	-1.15	0.58
O231	-0.58	-0.58	1.15
O232	-1.15	0.67	0.48
O233	1.01	-0.99	-0.03
O234	1.15	-0.58	-0.58
O235	-0.58	-0.58	1.15
O236	-1.15	0.55	0.61
O237	-1.15	0.6	0.55
O238	1.11	-0.82	-0.3
O239	1.15	-0.61	-0.54
O24	0.0	0.0	0.0
O240	-1.14	0.4	0.74
O241	0.0	0.0	0.0
O242	1.15	-0.58	-0.58
O243	0.79	0.34	-1.13
O244	0.47	-1.15	0.68
O245	0.88	-1.09	0.2
O246	0.73	0.41	-1.14
O247	1.15	-0.58	-0.58
O248	-1.04	0.95	0.09
O249	0.9	0.17	-1.08
O25	0.0	0.0	0.0
O250	0.94	-1.05	0.11
O251	0.0	0.0	0.0
O252	-0.58	1.15	-0.58
O253	1.15	-0.64	-0.52
O254	0.79	-1.12	0.34
O255	1.15	-0.58	-0.58
O256	0.58	-1.15	0.58
O257	1.1	-0.86	-0.24
O258	-1.09	0.88	0.21
O259	-1.15	0.45	0.7
O26	-0.46	1.15	-0.69
O260	1.15	-0.58	-0.58
O261	0.71	0.44	-1.14
O262	0.0	0.0	0.0
O263	-0.58	1.15	-0.58
O264	-1.12	0.3	0.81
O265	-0.58	1.15	-0.58
O266	-1.12	0.33	0.79
O267	0.57	-1.15	0.59
O268	1.15	-0.64	-0.51
O269	0.0	0.0	0.0
O27	0.0	0.0	0.0
O270	1.14	-0.71	-0.43
O271	-1.11	0.29	0.82
O272	-0.49	1.15	-0.66
O273	1.15	-0.58	-0.58
O274	0.91	-1.07	0.16
O275	-1.15	0.65	0.5
O276	0.63	0.52	-1.15
O277	0.18	-1.08	0.9
O278	-1.15	0.59	0.56
O279	-0.58	1.15	-0.58
O28	-1.14	0.71	0.44
O280	0.64	0.51	-1.15
O281	-0.58	-0.58	1.15
O282	0.0	0.0	0.0
O283	-0.94	1.05	-0.1
O284	-0.61	-0.54	1.15
O285	-1.15	0.69	0.46
O286	1.04	-0.08	-0.96
O287	-0.96	-0.07	1.03
O288	-0.78	1.13	-0.34
O289	-1.15	0.63	0.52
O29	0.0	0.0	0.0
O290	1.12	-0.79	-0.33
O291	-0.95	-0.1	1.05
O292	1.05	-0.94	-0.11
O293	-1.14	0.4	0.73
O294	0.68	-1.15	0.47
O295	0.0	0.0	0.0
O296	0.0	0.0	0.0
O297	-0.36	1.13	-0.77
O298	-0.91	-0.16	1.07
O299	-1.15	0.61	0.55
O30	-1.14	0.73	0.4
O300	0.0	0.0	0.0
O301	-0.99	-0.02	1.01
O302	-1.14	0.72	0.43
O303	1.14	-0.71	-0.44
O304	0.9	0.18	-1.08
O305	0.95	-1.04	0.09
O306	0.0	0.0	0.0
O307	1.15	-0.61	-0.55
O308	-0.25	-0.85	1.1
O309	-0.89	-0.19	1.08
O31	0.0	0.0	0.0
O310	-1.15	0.66	0.49
O311	0.33	-1.12	0.8
O312	-0.58	-0.58	1.15
O313	-0.58	-0.58	1.15
O314	1.15	-0.45	-0.69
O315	0.0	0.0	0.0
O316	-0.58	-0.58	1.15
O317	1.15	-0.58	-0.58
O318	0.8	0.32	-1.12
O319	-0.58	-0.58	1.15
O32	0.0	0.0	0.0
O320	0.54	0.61	-1.15
O321	0.0	0.0	0.0
O322	0.0	0.0	0.0
O323	0.69	0.46	-1.15
O324	0.38	-1.13	0.76
O325	-0.58	-0.58	1.15
O326	0.09	0.95	-1.04
O327	-1.12	0.8	0.32
O328	-1.15	0.65	0.5
O329	0.63	0.52	-1.15
O33	-0.58	-0.58	1.15
O330	-0.58	-0.58	1.15
O331	1.15	-0.53	-0.62
O332	-0.88	-0.21	1.09
O333	0.0	0.0	0.0
O334	0.0	0.0	0.0
O335	0.12	0.94	-1.05
O336	0.0	0.0	0.0
O337	0.0	0.0	0.0
O338	-1.15	0.67	0.48
O339	0.0	0.0	0.0
O34	1.15	-0.55	-0.6
O340	0.0	0.0	0.0
O341	1.15	-0.58	-0.58
O342	-1.13	0.77	0.36
O343	0.89	0.2	-1.08
O344	-1.07	0.16	0.91
O345	0.0	0.0	0.0
O346	1.14	-0.71	-0.43
O347	0.0	0.0	0.0
O348	0.53	-1.15	0.62
O349	-1.14	0.4	0.74
O35	1.15	-0.58	-0.58
O350	-0.84	-0.27	1.11
O351	-1.03	0.06	0.97
O352	-1.14	0.41	0.73
O353	0.0	0.0	0.0
O354	-0.58	-0.58	1.15
O355	0.0	0.0	0.0
O356	1.12	-0.3	-0.81
O357	1.14	-0.71	-0.43
O358	-1.12	0.8	0.33
O359	-0.29	1.11	-0.83
O36	1.15	-0.6	-0.56
O360	-1.1	0.26	0.84
O361	0.72	0.42	-1.14
O362	-1.12	0.33	0.79
O363	1.15	-0.58	-0.58
O364	0.5	-1.15	0.65
O365	-0.85	1.1	-0.25
O366	-1.15	0.65	0.5
O367	0.44	-1.14	0.7
O368	1.13	-0.78	-0.34
O369	1.12	-0.32	-0.8
O37	0.97	-1.03	0.06
O370	-1.14	0.44	0.7
O371	1.15	-0.58	-0.58
O372	0.66	-1.15	0.49
O373	1.15	-0.58	-0.58
O374	0.75	0.39	-1.14
O375	-1.15	0.47	0.68
O376	-1.01	0.01	0.99
O377	1.15	-0.67	-0.47
O378	1.15	-0.48	-0.67
O379	-0.8	-0.32	1.12
O38	1.15	-0.51	-0.64
O380	0.0	0.0	0.0
O381	-0.64	-0.51	1.15
O382	-0.75	1.13	-0.38
O383	0.98	0.03	-1.01
O384	1.15	-0.56	-0.6
O385	-0.18	-0.9	1.08
O386	-0.58	-0.58	1.15
O387	-1.08	0.2	0.89
O388	-1.1	0.24	0.86
O389	1.13	-0.37	-0.76
O39	-1.15	0.64	0.51
O390	1.15	-0.58	-0.58
O391	1.1	-0.25	-0.85
O392	0.59	0.57	-1.15
O393	-1.02	0.98	0.04
O394	-0.58	-0.58	1.15
O395	-0.58	-0.58	1.15
O396	0.0	0.0	0.0
O397	1.15	-0.58	-0.58
O398	0.61	-1.15	0.54
O399	-0.58	-0.58	1.15
O40	1.15	-0.58	-0.58
O400	1.15	-0.58	-0.58
O401	-1.15	0.45	0.7
O402	-1.15	0.65	0.5
O403	1.15	-0.58	-0.58
O404	-0.58	-0.58	1.15
O405	-1.14	0.43	0.71
O406	0.85	0.25	-1.1
O407	1.11	-0.28	-0.83
O408	-1.15	0.7	0.45
O409	0.0	0.0	0.0
O41	0.0	0.0	0.0
O410	1.15	-0.65	-0.5
O411	0.6	0.56	-1.15
O412	0.0	0.0	0.0
O413	0.95	0.1	-1.05
O414	-0.58	-0.58	1.15
O415	-0.29	1.11	-0.82
O416	-1.15	0.67	0.47
O417	-1.13	0.76	0.37
O418	1.15	-0.58	-0.58
O419	0.85	-1.1	0.25
O42	1.15	-0.58	-0.58
O420	-1.11	0.28	0.83
O421	-0.58	-0.58	1.15
O422	1.14	-0.74	-0.4
O423	0.25	-1.1	0.85
O424	0.0	0.0	0.0
O425	0.62	0.53	-1.15
O426	0.0	0.0	0.0
O427	1.15	-0.5	-0.65
O428	-0.58	-0.58	1.15
O429	-1.09	0.88	0.21
O43	0.0	0.0	0.0
O430	0.85	0.25	-1.1
O431	-1.03	0.96	0.07
O432	0.43	0.71	-1.14
O433	1.06	-0.93	-0.12
O434	0.0	-1.0	1.0
O435	0.0	0.0	0.0
O436	0.7	-1.15	0.45
O437	-1.07	0.92	0.15
O438	-1.06	0.13	0.93
O439	0.58	0.57	-1.15
O44	0.0	0.0	0.0
O440	1.15	-0.58	-0.58
O441	-1.08	0.9	0.18
O442	-0.67	1.15	-0.47
O443	0.76	0.37	-1.13
O444	-0.58	1.15	-0.58
O445	-0.43	-0.71	1.14
O446	1.15	-0.68	-0.47
O447	0.81	0.31	-1.12
O448	-0.28	1.11	-0.83
O449	0.43	0.71	-1.14
O45	0.94	-1.05	0.1
O450	-0.58	1.15	-0.58
O451	-1.13	0.36	0.77
O452	1.14	-0.44	-0.71
O453	0.98	0.04	-1.02
O454	1.15	-0.69	-0.46
O455	-1.13	0.76	0.37
O456	0.75	-1.14	0.38
O457	0.0	0.0	0.0
O458	1.06	-0.14	-0.92
O459	0.0	0.0	0.0
O46	1.15	-0.58	-0.58
O460	-1.11	0.84	0.27
O461	-1.14	0.4	0.74
O462	-1.1	0.25	0.85
O463	0.94	0.11	-1.05
O464	-1.15	0.54	0.61
O465	-0.94	-0.11	1.05
O466	-0.76	-0.37	1.13
O467	0.0	0.0	0.0
O468	-1.14	0.39	0.75
O469	-0.63	1.15	-0.53
O47	0.0	0.0	0.0
O470	-1.15	0.53	0.62
O471	-0.58	-0.58	1.15
O472	1.15	-0.58	-0.58
O473	1.0	0.0	-1.0
O474	-1.15	0.53	0.62
O475	0.83	0.27	-1.11
O476	-0.53	-0.62	1.15
O477	0.82	-1.11	0.29
O478	0.0	0.0	0.0
O479	1.14	-0.73	-0.41
O48	0.73	-1.14	0.41
O480	1.1	-0.86	-0.24
O481	-0.58	-0.58	1.15
O482	0.56	-1.15	0.6
O483	0.0	0.0	0.0
O484	0.89	0.19	-1.08
O485	-0.66	-0.49	1.15
O486	-1.15	0.52	0.64
O487	-1.07	0.17	0.9
O488	0.77	-1.13	0.36
O489	-0.77	-0.37	1.13
O49	0.0	0.0	0.0
O490	-1.1	0.24	0.86
O491	1.13	-0.35	-0.78
O492	0.0	0.0	0.0
O493	1.05	-0.11	-0.94
O494	-1.13	0.36	0.77
O495	-0.53	-0.62	1.15
O496	0.2	-1.08	0.89
O497	1.1	-0.24	-0.86
O498	1.02	-0.04	-0.98
O499	-1.15	0.7	0.45
O50	1.1	-0.86	-0.23
O500	0.0	0.0	0.0
O501	1.14	-0.74	-0.4
O502	1.15	-0.58	-0.58
O503	1.09	-0.22	-0.87
O504	0.0	0.0	0.0
O505	0.23	0.86	-1.1
O506	0.0	0.0	0.0
O507	-1.15	0.59	0.56
O508	1.15	-0.61	-0.54
O509	-0.58	1.15	-0.58
O51	0.0	0.0	0.0
O510	-1.15	0.55	0.6
O511	-1.15	0.61	0.54
O512	0.72	0.42	-1.14
O513	-1.13	0.76	0.37
O514	1.1	-0.84	-0.26
O515	1.15	-0.58	-0.58
O516	0.0	0.0	0.0
O517	-0.68	-0.46	1.15
O518	0.34	-1.13	0.78
O519	1.12	-0.3	-0.81
O52	0.0	0.0	0.0
O520	-0.58	-0.58	1.15
O521	0.86	0.24	-1.1
O522	-0.58	1.15	-0.58
O523	-1.15	0.62	0.54
O524	-1.15	0.61	0.55
O525	-1.08	0.89	0.19
O526	1.13	-0.79	-0.34
O527	-1.13	0.35	0.78
O528	-0.58	-0.58	1.15
O529	-0.67	1.15	-0.48
O53	0.0	0.0	0.0
O530	0.62	-1.15	0.54
O531	1.15	-0.49	-0.66
O532	0.35	0.78	-1.13
O533	1.15	-0.46	-0.69
O534	-0.58	-0.58	1.15
O535	1.1	-0.25	-0.85
O536	0.0	0.0	0.0
O537	1.14	-0.71	-0.43
O538	-1.05	0.93	0.12
O539	-0.96	-0.08	1.04
O54	-1.1	0.25	0.85
O540	1.15	-0.67	-0.48
O541	-0.86	-0.24	1.1
O542	-1.09	0.87	0.22
O543	1.15	-0.58	-0.58
O544	-0.99	1.01	-0.03
O545	-1.11	0.29	0.82
O546	-1.15	0.51	0.64
O547	1.09	-0.22	-0.87
O548	0.0	0.0	0.0
O549	0.68	-1.15	0.47
O55	0.42	-1.14	0.73
O550	1.14	-0.73	-0.42
O551	-1.15	0.68	0.47
O552	1.1	-0.24	-0.86
O553	1.15	-0.58	-0.58
O554	0.88	0.2	-1.09
O555	1.15	-0.63	-0.52
O556	-0.58	1.15	-0.58
O557	0.31	-1.12	0.81
O558	-1.14	0.74	0.4
O559	-0.77	-0.36	1.13
O56	1.15	-0.58	-0.58
O560	-0.71	1.14	-0.44
O561	-0.58	1.15	-0.58
O562	0.58	-1.15	0.58
O563	-1.1	0.25	0.85
O564	-0.97	1.03	-0.05
O565	-1.0	0.0	1.0
O566	1.12	-0.33	-0.79
O567	1.08	-0.9	-0.18
O568	0.0	0.0	0.0
O569	0.0	0.0	0.0
O57	1.03	-0.96	-0.07
O570	-0.58	-0.58	1.15
O571	1.15	-0.58	-0.58
O572	-0.58	-0.58	1.15
O573	1.07	-0.92	-0.15
O574	0.73	-1.14	0.41
O575	-0.11	1.05	-0.94
O576	-1.12	0.33	0.8
O577	-1.07	0.17	0.91
O578	-1.11	0.27	0.84
O579	0.57	0.59	-1.15
O58	0.76	0.38	-1.13
O580	1.06	-0.93	-0.12
O581	-0.72	-0.42	1.14
O582	0.28	-1.11	0.83
O583	0.5	-1.15	0.65
O584	-1.14	0.73	0.4
O585	-1.13	0.36	0.77
O586	0.0	0.0	0.0
O587	-0.58	-0.58	1.15
O588	0.0	0.0	0.0
O589	-1.12	0.33	0.79
O59	-0.83	-0.28	1.11
O590	1.15	-0.58	-0.58
O591	1.06	-0.13	-0.93
O592	1.15	-0.58	-0.58
O593	1.12	-0.33	-0.79
O594	1.15	-0.6	-0.55
O595	0.0	0.0	0.0
O596	1.15	-0.58	-0.58
O597	-1.15	0.5	0.65
O598	-1.15	0.51	0.65
O599	-0.44	-0.7	1.14
O60	0.0	0.0	0.0
O600	-0.58	-0.58	1.15
O601	-0.67	1.15	-0.48
O602	0.0	0.0	0.0
O603	0.0	0.0	0.0
O604	0.69	0.46	-1.15
O605	1.01	-0.01	-0.99
O606	0.0	0.0	0.0
O607	-0.64	1.15	-0.51
O608	0.63	0.52	-1.15
O609	1.15	-0.58	-0.58
O61	1.09	-0.22	-0.87
O610	1.15	-0.58	-0.57
O611	0.48	-1.15	0.67
O612	-0.54	-0.62	1.15
O613	0.0	0.0	0.0
O614	0.17	-1.07	0.9
O615	1.13	-0.77	-0.36
O616	0.0	0.0	0.0
O617	-1.14	0.74	0.4
O618	0.4	0.74	-1.14
O619	1.15	-0.58	-0.58
O62	-1.05	0.1	0.95
O620	-1.05	0.12	0.94
O621	-0.22	1.09	-0.87
O622	1.15	-0.52	-0.63
O623	-1.15	0.66	0.49
O624	-1.11	0.27	0.84
O625	0.82	-1.11	0.29
O626	1.1	-0.24	-0.86
O627	1.15	-0.58	-0.58
O628	-0.6	-0.56	1.15
O629	1.14	-0.43	-0.71
O63	-0.58	1.15	-0.58
O630	1.04	-0.95	-0.09
O631	1.1	-0.86	-0.23
O632	-1.15	0.45	0.7
O633	1.15	-0.58	-0.58
O634	0.69	0.45	-1.15
O635	-1.03	0.06	0.97
O636	0.6	-1.15	0.56
O637	1.15	-0.58	-0.58
O638	-0.58	1.15	-0.58
O639	-1.03	0.96	0.07
O64	1.08	-0.18	-0.9
O640	1.15	-0.58	-0.58
O641	1.15	-0.58	-0.58
O642	1.15	-0.58	-0.58
O643	1.15	-0.58	-0.58
O644	1.04	-0.09	-0.95
O645	-0.87	-0.23	1.09
O646	-0.85	1.1	-0.25
O647	-0.58	1.15	-0.58
O648	1.15	-0.64	-0.51
O649	-1.15	0.64	0.51
O65	-0.05	-0.97	1.02
O650	0.0	0.0	0.0
O651	0.99	-1.0	0.01
O652	-0.92	1.06	-0.14
O653	-1.07	0.92	0.15
O654	1.08	-0.2	-0.89
O655	-1.15	0.52	0.64
O656	0.0	0.0	0.0
O657	-1.14	0.43	0.71
O658	0.77	0.36	-1.13
O659	-1.13	0.76	0.37
O66	-1.14	0.41	0.73
O660	-0.81	-0.3	1.12
O661	1.12	-0.33	-0.79
O662	1.14	-0.42	-0.73
O663	1.12	-0.8	-0.32
O664	0.0	0.0	0.0
O665	-0.18	-0.9	1.08
O666	-0.94	1.05	-0.1
O667	-1.15	0.56	0.59
O668	0.5	-1.15	0.65
O669	-0.58	1.15	-0.58
O67	0.59	-1.15	0.57
O670	1.15	-0.64	-0.52
O671	-1.15	0.46	0.69
O672	1.13	-0.35	-0.78
O673	0.92	0.14	-1.06
O674	-1.13	0.35	0.78
O675	0.12	-1.05	0.93
O676	0.98	-1.01	0.03
O677	1.08	-0.89	-0.18
O678	-1.06	0.92	0.14
O679	0.0	0.0	0.0
O68	-1.12	0.8	0.32
O680	-1.15	0.45	0.69
O681	-1.14	0.4	0.74
O682	1.15	-0.58	-0.58
O683	1.15	-0.58	-0.58
O684	-0.71	1.14	-0.43
O685	0.87	-1.09	0.22
O686	-1.1	0.84	0.26
O687	-0.57	1.15	-0.58
O688	-1.09	0.87	0.22
O689	0.31	-1.12	0.81
O69	1.15	-0.58	-0.58
O690	0.56	0.6	-1.15
O691	0.97	-1.03	0.06
O692	0.0	0.0	0.0
O693	1.14	-0.73	-0.41
O694	-0.58	-0.58	1.15
O695	0.6	-1.15	0.56
O696	-1.15	0.69	0.46
O697	1.15	-0.6	-0.55
O698	-1.15	0.5	0.65
O699	-0.58	-0.58	1.15
O70	0.75	-1.14	0.39
O700	-0.85	1.1	-0.25
O701	-0.71	1.14	-0.44
O702	0.98	0.05	-1.02
O703	0.35	-1.13	0.78
O704	-1.15	0.64	0.51
O705	0.51	0.64	-1.15
O706	-1.15	0.68	0.47
O707	0.0	0.0	0.0
O708	-0.44	1.14	-0.71
O709	1.06	-0.14	-0.92
O71	0.99	0.01	-1.01
O710	0.58	-1.15	0.57
O711	0.0	0.0	0.0
O712	-1.15	0.55	0.6
O713	0.0	0.0	0.0
O714	1.06	-0.92	-0.14
O715	1.07	-0.15	-0.92
O716	0.77	-1.13	0.36
O717	1.11	-0.84	-0.27
O718	1.15	-0.68	-0.47
O719	0.0	0.0	0.0
O72	-0.58	-0.58	1.15
O720	1.15	-0.58	-0.58
O721	-0.58	-0.58	1.15
O722	0.83	0.28	-1.11
O723	1.15	-0.58	-0.58
O724	1.06	-0.12	-0.93
O725	0.61	-1.15	0.55
O726	1.12	-0.79	-0.33
O727	1.15	-0.53	-0.62
O728	1.15	-0.59	-0.57
O729	1.13	-0.36	-0.77
O73	1.15	-0.58	-0.58
O730	0.0	0.0	0.0
O731	-0.72	-0.42	1.14
O732	0.0	0.0	0.0
O733	-0.87	1.09	-0.22
O734	0.72	0.43	-1.14
O735	-0.29	1.11	-0.82
O736	-0.58	-0.58	1.15
O737	-1.15	0.53	0.62
O738	-1.11	0.28	0.83
O739	-1.13	0.76	0.37
O74	-0.58	1.15	-0.58
O740	-0.14	-0.93	1.06
O741	0.71	0.44	-1.14
O742	0.0	0.0	0.0
O743	-0.58	-0.58	1.15
O744	1.14	-0.42	-0.72
O745	0.62	0.53	-1.15
O746	-0.26	-0.85	1.1
O747	-0.56	-0.59	1.15
O748	1.15	-0.48	-0.67
O749	0.83	0.28	-1.11
O75	-0.58	-0.58	1.15
O750	0.54	0.61	-1.15
O751	1.15	-0.56	-0.59
O752	0.0	0.0	0.0
O753	1.13	-0.76	-0.38
O754	1.15	-0.58	-0.58
O755	-1.15	0.49	0.66
O756	1.15	-0.58	-0.58
O757	-0.35	1.13	-0.78
O758	-1.15	0.63	0.53
O759	0.39	-1.14	0.74
O76	1.15	-0.45	-0.7
O760	0.81	0.3	-1.12
O761	1.12	-0.81	-0.31
O762	-0.99	-0.03	1.01
O763	0.83	0.28	-1.11
O764	-0.58	1.15	-0.58
O765	0.98	-1.02	0.05
O766	-0.7	-0.44	1.14
O767	-1.0	-0.01	1.0
O768	1.15	-0.58	-0.58
O769	1.15	-0.58	-0.58
O77	1.15	-0.6	-0.56
O770	0.0	0.0	0.0
O771	1.04	-0.09	-0.95
O772	-0.58	-0.58	1.15
O773	-0.58	-0.58	1.15
O774	1.1	-0.23	-0.86
O775	0.41	0.73	-1.14
O776	1.08	-0.89	-0.2
O777	-1.11	0.29	0.82
O778	0.98	0.04	-1.02
O779	1.09	-0.87	-0.23
O78	-0.58	1.15	-0.58
O780	0.91	-1.07	0.17
O781	-0.91	-0.16	1.07
O782	1.13	-0.78	-0.35
O783	-0.7	-0.45	1.15
O784	1.03	-0.06	-0.97
O785	0.54	-1.15	0.62
O786	0.69	-1.15	0.46
O787	0.0	0.0	0.0
O788	0.26	0.85	-1.1
O789	1.15	-0.58	-0.58
O79	-0.03	-0.98	1.01
O790	0.0	0.0	0.0
O791	-1.15	0.66	0.49
O792	0.98	0.03	-1.02
O793	0.43	-1.14	0.71
O794	0.25	0.85	-1.1
O795	0.0	0.0	0.0
O796	-0.98	1.02	-0.04
O797	1.15	-0.58	-0.58
O798	0.0	0.0	0.0
O799	-1.15	0.58	0.57
O80	0.0	0.0	0.0
O800	0.67	0.48	-1.15
O801	0.52	-1.15	0.63
O802	-0.89	-0.2	1.08
O803	-1.13	0.36	0.77
O804	-0.96	1.03	-0.07
O805	1.15	-0.58	-0.58
O806	0.0	0.0	0.0
O807	0.0	0.0	0.0
O808	0.0	0.0	0.0
O809	0.95	-1.04	0.09
O81	1.15	-0.49	-0.66
O810	0.0	0.0	0.0
O811	1.0	0.0	-1.0
O812	1.13	-0.36	-0.77
O813	0.0	0.0	0.0
O814	-0.58	-0.58	1.15
O815	0.34	0.78	-1.13
O816	0.68	-1.15	0.47
O817	1.08	-0.19	-0.89
O818	0.03	0.98	-1.01
O819	1.15	-0.58	-0.58
O82	1.15	-0.58	-0.58
O820	0.82	-1.11	0.29
O821	0.67	-1.15	0.47
O822	1.15	-0.61	-0.54
O823	-0.47	1.15	-0.68
O824	-1.15	0.64	0.51
O825	-1.15	0.64	0.52
O826	0.0	0.0	0.0
O827	-0.58	1.15	-0.58
O828	-0.85	-0.25	1.1
O829	1.13	-0.36	-0.77
O83	1.15	-0.51	-0.64
O830	-0.88	1.09	-0.21
O831	1.03	-0.96	-0.07
O832	-0.75	-0.38	1.13
O833	0.67	-1.15	0.48
O834	0.86	0.24	-1.1
O835	0.0	0.0	0.0
O836	0.73	-1.14	0.41
O837	-1.07	0.17	0.9
O838	0.0	0.0	0.0
O839	1.03	-0.97	-0.06
O84	0.73	-1.14	0.41
O840	1.04	-0.08	-0.96
O841	0.0	0.0	0.0
O842	-1.15	0.54	0.61
O843	0.0	0.0	0.0
O844	-0.09	-0.95	1.04
O845	0.99	-1.01	0.01
O846	-1.15	0.54	0.61
O847	1.14	-0.43	-0.72
O848	0.0	0.0	0.0
O849	-0.58	-0.58	1.15
O85	-1.15	0.62	0.53
O850	0.0	0.0	0.0
O851	-0.58	-0.58	1.15
O852	-0.58	-0.58	1.15
O853	-0.58	1.15	-0.58
O854	-0.97	-0.05	1.02
O855	1.06	-0.13	-0.93
O856	-1.15	0.56	0.59
O857	1.11	-0.27	-0.84
O858	1.12	-0.3	-0.81
O859	1.15	-0.58	-0.58
O86	1.05	-0.95	-0.1
O860	0.0	0.0	0.0
O861	-0.81	-0.31	1.12
O862	0.8	0.32	-1.12
O863	-1.12	0.31	0.8
O864	1.13	-0.79	-0.34
O865	0.54	0.61	-1.15
O866	0.64	-1.15	0.51
O867	-1.15	0.54	0.61
O868	0.0	0.0	0.0
O869	-0.58	-0.58	1.15
O87	-1.15	0.46	0.68
O870	0.0	0.0	0.0
O871	0.6	-1.15	0.55
O872	0.59	-1.15	0.56
O873	1.15	-0.58	-0.58
O874	0.71	0.43	-1.14
O875	0.75	-1.14	0.39
O876	0.66	-1.15	0.49
O877	0.75	-1.14	0.39
O878	1.08	-0.89	-0.19
O879	-0.58	1.15	-0.58
O88	1.15	-0.58	-0.58
O880	0.25	-1.1	0.85
O881	-1.15	0.59	0.57
O882	-0.58	1.15	-0.58
O883	0.19	0.89	-1.08
O884	-1.15	0.66	0.5
O885	0.0	0.0	0.0
O886	-1.12	0.3	0.82
O887	0.28	-1.11	0.83
O888	0.12	-1.06	0.93
O889	0.0	0.0	0.0
O89	0.0	0.0	0.0
O890	-1.04	0.08	0.96
O891	-0.57	1.15	-0.59
O892	0.42	-1.14	0.72
O893	-1.13	0.36	0.77
O894	-0.58	-0.58	1.15
O895	1.13	-0.75	-0.38
O896	1.1	-0.25	-0.85
O897	1.12	-0.33	-0.79
O898	-1.15	0.59	0.57
O899	1.15	-0.67	-0.48
O90	1.1	-0.85	-0.25
O900	-0.67	-0.48	1.15
O901	1.15	-0.58	-0.58
O902	-1.15	0.63	0.53
O903	1.15	-0.58	-0.58
O904	-1.14	0.71	0.43
O905	0.0	0.0	0.0
O906	-1.07	0.15	0.92
O907	1.14	-0.44	-0.7
O908	1.04	-0.95	-0.09
O909	0.65	0.51	-1.15
O91	1.09	-0.22	-0.87
O910	-1.01	0.03	0.98
O911	1.03	-0.97	-0.06
O912	-1.15	0.65	0.51
O913	0.07	0.96	-1.03
O914	-1.14	0.42	0.72
O915	0.39	0.75	-1.14
O916	1.15	-0.58	-0.58
O917	0.87	0.22	-1.09
O918	0.56	0.6	-1.15
O919	0.79	0.34	-1.13
O92	0.73	0.41	-1.14
O920	0.0	0.0	0.0
O921	-0.58	1.15	-0.58
O922	-0.58	-0.58	1.15
O923	-0.58	-0.58	1.15
O924	0.96	0.07	-1.03
O925	0.53	0.63	-1.15
O926	-1.15	0.49	0.66
O927	-1.15	0.63	0.53
O928	0.0	0.0	0.0
O929	-0.6	1.15	-0.56
O93	0.5	-1.15	0.66
O930	1.1	-0.86	-0.23
O931	-1.15	0.46	0.69
O932	0.78	0.35	-1.13
O933	0.0	0.0	0.0
O934	1.15	-0.58	-0.58
O935	-1.08	0.18	0.89
O936	0.0	0.0	0.0
O937	1.15	-0.52	-0.63
O938	-1.11	0.83	0.28
O939	0.64	-1.15	0.51
O94	1.15	-0.52	-0.64
O940	-0.58	-0.58	1.15
O941	0.46	-1.15	0.68
O942	0.0	0.0	0.0
O943	0.87	-1.09	0.22
O944	-1.14	0.72	0.42
O945	0.81	-1.12	0.31
O946	-1.15	0.68	0.47
O947	0.46	-1.15	0.69
O948	0.84	-1.11	0.27
O949	0.0	0.0	0.0
O95	0.0	0.0	0.0
O950	0.97	0.06	-1.03
O951	-1.13	0.78	0.35
O952	-1.1	0.25	0.85
O953	1.15	-0.53	-0.62
O954	0.0	0.0	0.0
O955	-1.14	0.73	0.41
O956	0.91	-1.07	0.15
O957	1.15	-0.58	-0.58
O958	-0.52	-0.64	1.15
O959	-1.1	0.85	0.25
O96	0.84	-1.1	0.26
O960	-0.35	-0.78	1.13
O961	1.01	-0.99	-0.01
O962	-1.15	0.5	0.65
O963	-0.88	-0.21	1.09
O964	0.98	-1.02	0.05
O965	0.61	-1.15	0.55
O966	1.15	-0.58	-0.58
O967	-1.15	0.55	0.61
O968	1.13	-0.37	-0.76
O969	0.0	0.0	0.0
O97	0.56	0.6	-1.15
O970	0.88	-1.09	0.2
O971	0.0	0.0	0.0
O972	0.34	0.79	-1.12
O973	0.03	0.98	-1.02
O974	1.06	-0.13	-0.93
O975	-1.15	0.59	0.57
O976	0.92	-1.06	0.14
O977	0.9	-1.08	0.18
O978	-1.14	0.39	0.74
O979	-1.15	0.58	0.57
O98	1.15	-0.54	-0.61
O980	-1.15	0.59	0.56
O981	-0.72	-0.42	1.14
O982	1.14	-0.41	-0.73
O983	0.0	0.0	0.0
O984	1.15	-0.58	-0.58
O985	-0.76	1.13	-0.37
O986	1.15	-0.58	-0.58
O987	-0.43	-0.71	1.14
O988	1.15	-0.64	-0.52
O989	0.59	0.57	-1.15
O99	0.0	0.0	0.0
O990	0.75	-1.14	0.39
O991	-0.58	-0.58	1.15
O992	1.15	-0.67	-0.48
O993	1.12	-0.82	-0.3
O994	-1.07	0.16	0.91
O995	1.15	-0.58	-0.58
O996	-1.13	0.36	0.77
O997	-0.58	1.15	-0.58
O998	1.13	-0.76	-0.38
O999	0.55	0.6	-1.15
